,amp Fixation,amp Pursuit,amp Saccade,avg_vel Fixation,avg_vel Pursuit,avg_vel Saccade,count Fixation,count Pursuit,count Saccade,duration Fixation,duration Pursuit,duration Saccade,peak_vel Fixation,peak_vel Pursuit,peak_vel Saccade
0,0.06395896303546264,0.07882759586287419,0.06498478999333036,0.06998036458418028,0.06355500789576368,0.0660004060230437,0.0586248274895253,0.039848965614299056,0.0683992595495151,0.07014109173081184,0.07732011283726194,0.08792961237834354,0.06547135945346796,0.07793455816665729,0.04702308538546314
0,0.05501794901786721,0.08546452626652001,0.06251148204563327,0.05152898449844857,0.08648700390369964,0.054893310343154374,0.056797470293947876,0.04983475208900606,0.060498433093076585,0.07732348904254674,0.0772028605944324,0.08409065230714517,0.07538134905817338,0.07060270168541587,0.05236503576093291
0,0.05917801600167608,0.08392573009290523,0.05336910237793374,0.08273243452367059,0.08714017568737217,0.05821052700265514,0.053014985528207895,0.04969153878478152,0.05850360345276585,0.06623429574815388,0.07138451393077777,0.07339591257004158,0.0725555259517391,0.07773961770047472,0.05292402064684455
0,0.066026101971782,0.07148709983893067,0.0668172938380539,0.07100524483029107,0.06959430315430422,0.05724349848564828,0.06111644330898754,0.05480829319274637,0.06300729520026045,0.07463582981765302,0.07219535212591369,0.07216830160314248,0.06813077877597731,0.07048834893345728,0.06127581492285179
0,0.05702559697570369,0.08268020646574922,0.06895196582357434,0.07826801408319058,0.08620408722542384,0.0536179538695517,0.04305289908957535,0.05754847517193287,0.06042357068997921,0.06830189672914844,0.07764869220711174,0.06877917277347544,0.06508647129313655,0.07988740883822569,0.05252358876422143
