,amp Fixation,amp Pursuit,amp Saccade,avg_vel Fixation,avg_vel Pursuit,avg_vel Saccade,count Fixation,count Pursuit,count Saccade,duration Fixation,duration Pursuit,duration Saccade,peak_vel Fixation,peak_vel Pursuit,peak_vel Saccade,scene_diff
0,0.054769847818895705,0.09136752729492024,0.06411280641739454,0.05622659118739704,0.07838080570823933,0.05587766157746076,0.05124515514734276,0.034353252629168295,0.056022380489302026,0.05699157843130476,0.07067308479580789,0.07368562338518041,0.06414506934103685,0.07689894066676035,0.047611958813655986,0.06763771629613302
0,0.051639097593076715,0.06701536400490533,0.056054414938520765,0.07024823539216916,0.07098120797778937,0.060521936029255895,0.052519284060453544,0.04681136557653626,0.05675625210231135,0.06716548754422766,0.063965439434604,0.06614429826209416,0.07029206964632681,0.06520407033960661,0.05793209536012786,0.07674938173799466
0,0.05625938297996614,0.05788872343878879,0.0615557751141099,0.08196658576931445,0.0708686380384809,0.046989955283843705,0.0450536130073671,0.05147255173400565,0.049786389328859586,0.0760663019002651,0.058648290797745056,0.0775414392585105,0.06681853422168768,0.07209750594601398,0.04897961917471591,0.07800669400632552
0,0.05031304887386068,0.07017276286691501,0.06227324086257301,0.06798445727099874,0.06678212938266624,0.04923049552987605,0.04450971993757304,0.04713137844639413,0.04873344905393744,0.06678905761284956,0.07884375294100858,0.06988714746991609,0.07038163558585571,0.07694634252963894,0.051634907976772795,0.07838647365916399
0,0.054932031636666795,0.07171083442083985,0.05725242826075996,0.06800449796091555,0.071981164471743,0.05437479082165345,0.06056859593293675,0.05169755427029463,0.057343657281807035,0.06682164839493389,0.06031622211796072,0.07110014894602905,0.05070746964287021,0.06566102373685832,0.060507195094161026,0.07702073700956984
