,Fixation duration PC0,Fixation duration PC1,Fixation amp PC0,Fixation amp PC1,Fixation peak_vel PC0,Fixation peak_vel PC1,Fixation avg_vel PC0,Fixation avg_vel PC1,Fixation count PC1,Pursuit duration PC0,Pursuit duration PC1,Pursuit amp PC0,Pursuit amp PC1,Pursuit peak_vel PC0,Pursuit peak_vel PC1,Pursuit avg_vel PC0,Pursuit avg_vel PC1,Pursuit count PC1,Saccade duration PC0,Saccade duration PC1,Saccade amp PC0,Saccade amp PC1,Saccade peak_vel PC0,Saccade peak_vel PC1,Saccade avg_vel PC0,Saccade avg_vel PC1,Saccade count PC1
0,0.031541214302900286,0.031129720177060297,0.03612416990929636,0.0380223853094059,0.04506209981047035,0.028656915054729087,0.036502911806881644,0.041316162172864004,0.02124930540132351,0.03796242141874815,0.05805478461468115,0.0505360343951105,0.030123359251182362,0.053544065234991584,0.029908276422579195,0.05296467572022756,0.023219037822323554,0.02952426079739804,0.039071614548548704,0.0472392334676009,0.04224917563304129,0.04552272709004311,0.028548751847378005,0.03889301259398013,0.018710597267229807,0.03315148846876089,0.031171599461243486
0,0.04401742655226781,0.02805294442011858,0.033296420591582554,0.030986511318817272,0.04881280530153584,0.02738687430470402,0.032484651441649755,0.03656349007764435,0.01995331924512032,0.03225825182367183,0.05008544913173651,0.04551201804826294,0.021944169817091106,0.06014179669730967,0.03314835541931885,0.0444003712820067,0.03235163978813159,0.01986564118035421,0.039037716552551664,0.03434783473758752,0.07620310008621346,0.06826015935461627,0.017668807799679238,0.036948501993708416,0.028489731828842454,0.03288431751590463,0.024897693689572335
0,0.02653304484422914,0.04169365227289026,0.036908404276586544,0.03262535593642496,0.055004206971574716,0.04215112911090662,0.028961781154711413,0.04744499628440366,0.019908150748978545,0.03582881126643925,0.037772891582728035,0.03446919029083702,0.028219828376712486,0.07389892163871935,0.026113559987619883,0.04414572607709214,0.022568234337265625,0.03209155563489417,0.03177369025492248,0.044868479884784915,0.054624544610360655,0.05842183921570444,0.020739245160702694,0.03499665818161654,0.017525576173501856,0.03591373571214486,0.03479679001324786
