,amp Fixation,amp Pursuit,amp Saccade,avg_vel Fixation,avg_vel Pursuit,avg_vel Saccade,count Fixation,count Pursuit,count Saccade,duration Fixation,duration Pursuit,duration Saccade,peak_vel Fixation,peak_vel Pursuit,peak_vel Saccade
0,0.05530607623835257,0.07783580816233537,0.06345160853198804,0.08496887233800793,0.07660974769693091,0.05474454390381449,0.050892208510217925,0.04852037158679827,0.05381190157345682,0.0785093918012084,0.07867989974787734,0.07271350355269006,0.07879430040999279,0.0749613429873183,0.050200422959010824
