,Fixation duration PC0,Fixation duration PC1,Fixation amp PC0,Fixation amp PC1,Fixation peak_vel PC0,Fixation peak_vel PC1,Fixation avg_vel PC0,Fixation avg_vel PC1,Fixation count PC1,Pursuit duration PC0,Pursuit duration PC1,Pursuit amp PC0,Pursuit amp PC1,Pursuit peak_vel PC0,Pursuit peak_vel PC1,Pursuit avg_vel PC0,Pursuit avg_vel PC1,Pursuit count PC1,Saccade duration PC0,Saccade duration PC1,Saccade amp PC0,Saccade amp PC1,Saccade peak_vel PC0,Saccade peak_vel PC1,Saccade avg_vel PC0,Saccade avg_vel PC1,Saccade count PC1
0,0.03412922372140026,0.034370481381446064,0.03387418252093921,0.03653483720537842,0.035070514051985364,0.043454506708852536,0.0455257468261852,0.04293227069831547,0.03328803972961519,0.03381531486695267,0.04075042978501499,0.04747973205396998,0.027697558276250953,0.04258861318871905,0.03653015267263059,0.042083605056490246,0.03284324992333997,0.029804161400834143,0.03438787021508711,0.04101758459035897,0.04395912333537922,0.03304692085421009,0.038948896288256526,0.035633123126978195,0.03301801504122237,0.031279806517848306,0.03593603996233891
