,amp Fixation,amp Pursuit,amp Saccade,avg_vel Fixation,avg_vel Pursuit,avg_vel Saccade,count Fixation,count Pursuit,count Saccade,duration Fixation,duration Pursuit,duration Saccade,peak_vel Fixation,peak_vel Pursuit,peak_vel Saccade
0,0.056953644299622325,0.0932961569202746,0.06351748180685127,0.08792135072875853,0.0722438068661001,0.04551091624311517,0.03609364009861586,0.045998357593577385,0.04380540802397952,0.06784242691553173,0.09354116733543605,0.09237141976371807,0.10067603936935876,0.053520545164386354,0.04670763887067427
0,0.06302399255952734,0.07975707164381904,0.08771445479486911,0.09700946606253902,0.0903411819178838,0.04514606811784575,0.033866199509038165,0.0485042959581771,0.05494865902524008,0.050883933352123295,0.08190351645570682,0.05927569821519355,0.0811398397187809,0.09004179061085384,0.03644383205840224
0,0.05552656448894838,0.08448229342383748,0.07637488999322817,0.08267696140822271,0.07007770881779248,0.05884558682095231,0.038933192429606064,0.05037453617628253,0.03685479664798495,0.06539251993429028,0.08233853979436902,0.09522718280447555,0.07662829152641328,0.08159335560664245,0.04467358012695431
